{
    "Mercedes-Benz": {
        "E-Class": {
            "E220d": {
                "engine": "2.2L Diesel",
                "trims": [
                    "Avantgarde",
                    "Elegance",
                    "AMG Line"
                ]
            },
            "E300": {
                "engine": "2.0L Petrol",
                "trims": [
                    "Exclusive",
                    "AMG Line"
                ]
            }
        },
        "C-Class": {
            "C200": {
                "engine": "1.5L Petrol",
                "trims": [
                    "Avantgarde",
                    "AMG Line"
                ]
            }
        }
    },
    "BMW": {
        "3 Series": {
            "320d": {
                "engine": "2.0L Diesel",
                "trims": [
                    "SE",
                    "Sport",
                    "M Sport"
                ]
            },
            "330i": {
                "engine": "2.0L Petrol",
                "trims": [
                    "Luxury Line",
                    "M Sport"
                ]
            }
        },
        "5 Series": {
            "520d": {
                "engine": "2.0L Diesel",
                "trims": [
                    "SE",
                    "M Sport"
                ]
            }
        }
    },
    "Volvo": {
        "XC60": {
            "B4": {
                "engine": "2.0L Mild Hybrid Petrol",
                "trims": [
                    "Core",
                    "Plus",
                    "Ultimate"
                ]
            },
            "T8 Recharge": {
                "engine": "2.0L Plug-in Hybrid",
                "trims": [
                    "Plus",
                    "Ultimate"
                ]
            }
        },
        "S90": {
            "B5": {
                "engine": "2.0L Petrol",
                "trims": [
                    "Inscription",
                    "R-Design"
                ]
            }
        }
    },
    "Audi": {
        "A4": {
            "35 TFSI": {
                "engine": "2.0L Petrol",
                "trims": [
                    "Standard",
                    "S line"
                ]
            },
            "40 TDI": {
                "engine": "2.0L Diesel",
                "trims": [
                    "S line",
                    "Black Edition"
                ]
            }
        },
        "Q5": {
            "45 TFSI": {
                "engine": "2.0L Petrol",
                "trims": [
                    "Sport",
                    "S line"
                ]
            }
        }
    },
    "Porsche": {
        "Cayenne": {
            "Cayenne": {
                "engine": "3.0L Petrol",
                "trims": [
                    "Standard",
                    "S",
                    "Turbo"
                ]
            },
            "Cayenne E-Hybrid": {
                "engine": "3.0L Plug-in Hybrid",
                "trims": [
                    "Standard",
                    "Coupe"
                ]
            }
        },
        "911": {
            "Carrera": {
                "engine": "3.0L Petrol",
                "trims": [
                    "Carrera",
                    "Carrera S",
                    "Carrera 4"
                ]
            }
        }
    }
}